7770000000;Карта ключ;6
4824004005528;Скрепки к степлеру;56
7770000000;Карта ключ;6
4824004005528;Скрепки к степлеру;56
7770000000;Карта ключ;6
4824004005528;Скрепки к степлеру;56
7770000000;Карта ключ;6
4824004005528;Скрепки к степлеру;56
7770000000;Карта ключ;6
4824004005528;Скрепки к степлеру;56
7770000000;Карта ключ;6
4824004005528;Скрепки к степлеру;56
7770000000;;6
4824004005528;Скрепки к степлеру;56
7770000000;Карта ключ;6
5555;Картофель;56
7770000000;Карта ключ;6
4824004000288;Скрепки к степлеру;56
7770000000;Карта ключ;6
4824004005528;Скрепки к степлеру;56
7770000000;Карта ключ;6
4824004005528;Скрепки к степлеру;56
7770000000;Карта ключ;6
4824004005528;Скрепки к степлеру;56
7770000000;Карта ключ;6
4824004005528;Скрепки к степлеру;56
7770000000;Карта ключ;6
4824004005528;Скрепки к степлеру;56
;Карта ключ;6
4113;Банан;5.5
7770000000;Карта ключ;6
4824004005528;Скрепки к степлеру;56
7770000000;Карта ключ;6
4824004005528;Скрепки к степлеру;56
7770000000;Карта ключ;6
4824004005528;Скрепки к степлеру;56
7770000000;Карта ключ;6
4824004005528;Скрепки к степлеру;56
7770000000;Карта ключ;6
4824004005528;Скрепки к степлеру;56
7770000000;Карта ключ;6
4824004005528;Скрепки к степлеру;56